book_id,predicted_rating_class,predicted_rating_class_proba,predicted_rating
a897fe39b1053632,1,0.6328201499755405,2.96
90fa61229261140a,0,0.4395043448621761,2.23
6957f44c3847a760,1,0.5879427460509442,2.86
e00eb4fd7b871a48,1,0.638091246822627,2.97
4165285e1663650f,1,0.6808247044858168,3.34
f77dbf2323deb740,1,0.5182583585821928,2.5
2597b5a345f45e1b,1,0.6214731822097149,3.08
e72a5dfc7e9267b2,1,0.7065885452040651,3.13
e10e1e165dc8be4a,1,0.6344199229507326,3.04
1dfe412b8ac00530,1,0.5166619612350256,2.44
0312262ecafa5a40,0,0.4223902312267345,2.6
30a7f60cd76ca58c,1,0.6416793124728498,3.05
ce6396b0f23f6ecc,1,0.6888645751119578,3.79
3b1c02bac2a429e6,1,0.6676451325010742,3.34
a34ba96d4081e6a4,1,0.6063934294880091,3.66
deda3e61b9514b83,1,0.6706396098169038,2.81
feb7cc7701ecf901,0,0.48118919073838284,2.52
e30f54cea9b38190,0,0.45096240137603727,2.23
a18a4f574854aced,0,0.4055430177324723,2.72
a22124811bfa8350,1,0.5278632999210374,2.92
23356462d1320d61,1,0.5225845582710023,2.73
327f68a59745c102,0,0.4276778217147784,2.49
5674a18a29a43ced,1,0.5579667233161608,2.88
c2e46a2ee3b4a322,1,0.6260573885276844,3.05
00bfed9e18bb36f3,1,0.6279414706225246,3.21
9528d0948525bf5f,1,0.616537124732862,2.78
c7d160c2c0de586f,1,0.6311215414290509,3.02
904208d6aa64b655,1,0.6442353761893598,2.94
4c28def39d850cdf,1,0.6562600223515509,3.46
ccd9ffa25efabdea,1,0.5880789630329945,2.86
6258a1f6a6dcfe50,1,0.6327945680416321,3.34
3c039985229453bf,1,0.5580684455654692,2.68
5dada2b7be26bd03,1,0.6982972927178459,3.61
9f6568e9c95f60b0,0,0.39567858991655563,2.32
6be3beb0793a53e7,1,0.6477328179026065,2.86
668fe56b17cfcd4f,1,0.589702966412602,2.84
094b269567e1c300,0,0.44017317080276674,2.61
19ed25f4641d5efd,1,0.567846086516137,2.87
be5cc846f45496fb,1,0.6183073517732535,2.98
55f9da0c5eea2e10,0,0.4636694854397223,2.69
b4fd5943413e089a,1,0.7484970380671814,3.32
c8f7f0cb1abb9cac,0,0.4942445067342532,2.45
b12b89017878a60d,1,0.5729426937803721,2.99
c27f6e1f185b0383,1,0.6419472337349528,3.45
acddfeab2a407640,0,0.48228959771918745,2.62
3ecb690d1542c568,0,0.4749497430488641,2.58
8d455c7539795d2a,1,0.6558578803870333,3.8
657fe5ead67a7767,1,0.708483983408334,3.37
d170b5a0da46380e,1,0.6220172825739891,2.98
7ae099f3898e0209,1,0.6509475306537861,2.9
9a9d6e9bc555731e,0,0.49743743954944775,2.5
09555be379ad9253,1,0.5279743029980095,2.67
7858914fad68493c,1,0.6468379147226027,3.06
51653ef291ab7ddc,1,0.5829528576480911,2.89
709822d0b5bcb7f4,1,0.634946165200637,3.64
4eed62cf5f8d8edf,1,0.6093755765439998,3.16
b5ea0b5dabed25a8,1,0.5694756375570222,2.76
142d767a56a9254d,0,0.4421974229343663,2.24
5ee94540d0749ea0,1,0.5575598332924251,2.89
cedf82b5086e4691,1,0.6672135433626539,2.95
7d385d34d12e60ff,1,0.5910263665867452,2.94
d01ac97e2b8947c2,1,0.6211945999024401,2.86
aadee1c326d286e3,1,0.6333314011059792,3.09
31075275518532d7,1,0.6300558627524719,3.14
0da9aa9d24677fc0,1,0.6007216515223699,2.79
8c9e6bf2467d740d,1,0.5097092111174298,2.68
acd86a5426e21ca0,1,0.5042450213140498,2.6
a30b270e25489e5c,0,0.4411250390098351,2.4
bd261725b99f5983,1,0.7506042947279269,3.3
43c6a960757cf559,1,0.6242918177561253,2.93
80cfab6bcff3a244,1,0.6371914004444622,2.93
a3d2a4250807f1e9,0,0.4715249343599847,2.29
7d6d2a6c0276f81b,1,0.6422210040431612,3.69
87b0615b6e1f4d7b,1,0.6035946189488238,3.35
e6af5bf1163c1151,1,0.5438645816044201,2.8
6f78a0d744c35456,1,0.5000991884754543,2.73
c849f0b2f5d6a742,1,0.6074253306444166,2.72
53a3d11bb568cc8b,0,0.4736191900946239,2.85
d7310206583a54b6,1,0.532353517460441,2.72
c82a3e358c773c73,1,0.5907146441175124,3.04
0fa6dceead7ce47a,1,0.6944861944877385,4.07
0e691eda369f4e09,1,0.5886573770815917,3.27
e80f8e518b300dfe,0,0.4545254289221411,2.41
7392c0032f92d816,0,0.40607546305268216,2.35
9429b4d59c537af5,1,0.6907849813062548,3.01
889139b8e9c4cb36,1,0.6274766963679198,3.15
11809b1d323b3057,1,0.5381834028478382,2.77
9ffa38d3b832433a,0,0.43609933813479157,2.29
b757c0c361e689ce,1,0.5750373104989784,2.84
3c346ab1e76ae1f6,1,0.5844412797580383,3.04
784bc2279baa878d,1,0.5166755114079838,2.79
fa9610a50a1bf149,0,0.4864370502720748,2.89
72f9d5be3472d34e,1,0.6082180747001282,2.91
460089f796fb3f82,0,0.48759997692797546,2.79
b6ee99bcf06fc91f,1,0.6067141697595053,2.88
57e5a4d515c8ce44,0,0.44213053478470804,2.51
7b75cc7f223791f4,0,0.4291835900173001,2.23
228f74b74f3a08ae,0,0.4340983390848448,2.65
18ad3ed896c7ce05,1,0.6043286085993963,2.99
b136b1b180ca753a,1,0.6250469886635076,2.98
e4f74c16de34d440,1,0.7626172738979602,3.79
8d4eefad7a2b3915,0,0.47581754027093964,2.51
1c89ae5bb804e4de,1,0.6341209811107827,2.94
a6f99b9e687f9d46,0,0.48713468209495003,2.43
2a97cffe61c3c4c7,1,0.5059324239525711,2.66
f2df3bb043a8abb0,0,0.3980209508169213,2.38
9beb96a2300109d7,1,0.6653803569986132,3.08
9e28048cea8d41f7,1,0.6473094933602404,2.97
7add3f8e49ec0826,1,0.5114552777829259,2.64
311c0dd0e354a33e,0,0.43051255392652665,2.39
fce19f9b4a943f22,1,0.5375480010831127,2.79
09b6cc87e62c2c58,1,0.6497028609151222,3.17
7267864328ae8b9d,1,0.6317227100825673,2.9
8754c83ab2a7ae71,1,0.6390201392952936,3.17
7b599c8bfcdd8d30,1,0.6623805872822518,3.18
bee3672891cca906,1,0.6323914757274982,3.21
5ceb951f629700a2,1,0.6015450722441823,3.02
74baabfc8fd84b38,1,0.5831989869350855,2.83
bdf415fd484ea8a7,0,0.4513561803782703,2.81
6d5300b2d8f37e07,1,0.6131966352873016,3.79
38d45839cb1c83c1,0,0.4694712429872075,2.28
70ed59f194b3c556,1,0.6268305863339269,3.14
8a380641491d43ed,1,0.7464552746023216,3.49
f733e8c19d40ec2e,0,0.45797369537464194,2.24
3a6fb983e2554023,1,0.6764885791521692,3.93
842790dfaa937484,1,0.6981562288858109,3.31
01d2001ac1e6f8a3,1,0.5898382272431131,2.92
e4ac92d89b946781,1,0.6522884333323279,3.57
796c87ddbbaaf8c5,1,0.6904895175678756,3.67
9270575728a13a61,1,0.5433567212510364,2.83
b8736690cf263a3c,0,0.48155751382168,2.83
d7d6d50c1e3d0b81,0,0.3760460543355357,2.35
590a9cccf7db9f7d,1,0.6904346545480196,3.01
de3f25248ba0789f,1,0.5140959054711849,2.68
bc2a85fd35fdc7bd,1,0.582918465102574,2.84
37c0cb19713d8dda,1,0.788969728937988,3.22
623e1a180426039b,1,0.7012133456901867,3.5
fd3a622648667296,1,0.6274514258490548,2.95
3bebf34ee9330cbd,1,0.6617714954753552,3.63
f5a92cff83897d48,1,0.5655272810677603,2.83
d6361d16212664ed,1,0.5353161446891722,2.71
961f18db4f138211,1,0.6826090473727965,3.34
0651062381f0636a,1,0.633540842506125,3.5
e98a4efa85070c2f,0,0.37858614224620835,2.44
790ef197c8f236f5,0,0.43121054571104117,2.51
8ec14b1576cb7cb5,0,0.45366249736131264,2.84
209adad1015af86f,1,0.5216866736991241,2.82
e4c7f3487d17fd42,1,0.6004289699059289,3.09
c7b5183f4d1d4efe,1,0.5823901701505229,2.98
99ff4cc6491e8f5c,1,0.5783925521921564,2.78
08db62f24627e71f,0,0.4948110925125367,2.77
e28e330cbdf01126,1,0.5121059252598675,2.7
abeafe151a587d3b,0,0.47424014281395604,2.47
eac1a180047ad54e,1,0.6891569106913366,3.72
9287e238d7c3b06e,1,0.5038399076539573,2.57
2dbb7ec08cdd7f3c,0,0.46386037980615696,2.26
e956d67c9bcc5809,0,0.4525576432531896,2.74
42d0d7c92b75fc1c,0,0.4624161016525336,2.33
d6670dfe3e7b42bd,0,0.45163298672909724,2.52
96a38e7c813d8f1d,0,0.4460754667537802,2.24
efc3768127714ec3,1,0.5622005024821608,2.79
dd047728de72ad62,1,0.6202507028657859,3.24
e7469e22b5bfb3e7,1,0.5018216665370246,2.53
c99761a700ade23f,1,0.5168515353140726,2.75
56e4f9eab2e8e674,1,0.6596268170508057,2.77
203b7f94b7d6115f,0,0.4750127750457155,2.57
ca71e72655bece85,1,0.6965724605180946,2.97
2a70769cdc6eb8b8,1,0.5143762607613929,2.74
1b33663ad7b95fd8,0,0.4001552325551399,2.49
0e0dcc3339602b28,0,0.4508654584881071,2.66
0c27e6c3744fc14b,1,0.6804449712123883,3.26
ad04ad9fc179fc5d,1,0.5424663824777821,2.73
1c929cfd16b71907,1,0.6255307883539166,3.03
e656e280bc8edd56,0,0.4842561956322035,2.36
b53db2271c9624f7,1,0.5963260177106262,3.24
d9c643fa1fc57bdb,0,0.4976199524327099,2.53
31001a1210623bd4,0,0.48060577293055645,2.63
50b8f80311b31ede,1,0.5623141583083211,2.88
cfeb1e1e0e695b58,0,0.4596618909667306,2.44
a40723994f715420,1,0.7046412481762645,3.31
caf4fe9311f1dc59,1,0.5946446722025446,3.59
af96613fdd793a3c,0,0.49429770675348317,2.72
d69dd8dac66f9f84,0,0.4884279635965781,2.59
4aa03792b50f0b22,1,0.5343375156646295,2.79
ba54932df84e8cea,1,0.5896654483387773,2.93
c1afd71fc86bf682,0,0.47796807669502983,2.67
fd8585283fc7d2d7,1,0.6864935991433295,3.1
4ce91d31c1e57c33,1,0.558581248120762,2.79
d163dd6c352fbcd2,1,0.50773522353279,2.47
ce60436f52c5ee68,1,0.7521580108206892,3.27
116a2fdc9a45bab0,1,0.6516080659005642,3.52
8585760646e3aa2a,1,0.5811384906293352,2.98
2f88b08bf0a0e367,0,0.38815626734379566,2.21
edb3097e71330040,1,0.7250187767803357,4.24
65d034adf80834b7,1,0.5865583356930345,2.87
29c0025455f8c585,1,0.6732187418357354,3.23
6ffb36aaeff1c81e,1,0.6513917326523567,3.05
f6d967cdadc6fbd9,1,0.6442435919362114,3.87
3a11bb962ff45b78,1,0.6373562339151871,2.89
46c1530d7546ea6d,1,0.5796220770774094,2.65
88c21fcd38e2486e,1,0.6277379883542403,3.84
3b9a3b4624b7fd6d,1,0.6228368825709356,2.91
a57b1dcbd6849222,1,0.6979438696190763,3.05
513271dadc1322ae,0,0.4987058259491661,2.69
1f329c2e7d7de8bd,1,0.625305195550029,2.94
919e7cb2269a25d2,1,0.5630530735774109,2.85
3f69e667a67e54d9,0,0.36028960044019775,2.52
7edc0527cf782e19,1,0.5220454363585323,2.79
47271d8e08b5d31c,1,0.591502101070886,2.93
05f7c6d9a4e582d3,1,0.5131566818666949,2.75
d24b829be2ca81c4,1,0.6139563591298025,3.24
7ebfa6c1bee69e1e,1,0.6407443496258487,2.81
bb8245f52c7cce8f,0,0.47138282324721814,2.4
ffd54178acc9a6a5,1,0.5298425944804367,2.67
d195e7f4ed697350,1,0.6701759925598856,3.33
dd5bfa6cc2c0ecc3,1,0.6565157950389695,2.94
024387ca4cafd5cc,1,0.6246909979874865,3.12
047097293bb4d1c0,1,0.6334958932419866,2.96
3fb15ace50d6142b,0,0.45145995001368855,2.63
2b5054a4192e9b06,1,0.6439954571085622,3.18
44a10f1ac8ce822e,1,0.5619253596054017,3.02
6fd646a334e6e133,0,0.48744323892347663,2.84
92275cedf6d8ee15,0,0.35983068635070303,1.93
6a31307a81e8f3a8,1,0.5523572017131879,3.14
4a1debca3135ff37,1,0.6579335036755997,3.67
aba2db9afb1469c7,1,0.5949132229704063,3.34
76c84daa539426e2,0,0.4616661968890429,2.55
1d6443ffba9dfd80,0,0.47159437376038044,2.74
6e44bcbeac7f4360,1,0.5650499101254801,2.88
f0f38174a7e689a3,1,0.5219949041285564,2.73
34c0d7c4ee5650af,0,0.4965513575458136,2.76
08b2f71d93836313,1,0.6780680278944788,3.05
6875c5657661b2fb,1,0.6850748852675895,3.22
c5cb9f885d8b3621,1,0.705040148953488,3.34
e9906e2f0d189745,1,0.5744548240100988,3.34
081305e6df719dff,1,0.632682511429643,3.13
1528279aec1f3dce,1,0.7010926237319751,4.22
00c4543ec6bd25b4,1,0.6376230272235847,3.93
e88fb1c9397cfb27,1,0.5788224972772112,3.19
012094e90a4b908d,0,0.4938014799404155,2.78
6bdd909329435e80,1,0.7115601161068446,3.29
52cf2a5933ec5d8f,1,0.6452725497160826,3.11
4e812d32d64e2431,0,0.36167507051534353,2.22
f21effc079a2b38a,1,0.506536623627783,2.81
2d88a31f325dfd3b,1,0.5181137925911516,2.44
4881cc53f6c8892f,1,0.6664172557065544,3.05
3bc89353f7e3a3cc,1,0.5090128039685943,2.83
f72f61ad6a5f12ed,1,0.5521001080475656,2.9
992974ba6a0536ea,1,0.5136263281838268,2.79
ddc8340dabc8641b,1,0.6256509287135633,2.81
847935fc68707426,0,0.4619680854198318,2.52
a86972014275e072,1,0.6462737611944845,2.96
3d76bc83c6b644c9,0,0.476140555111599,2.5
6edacfd1f8ebb9eb,1,0.6391892755017059,3.14
dc6f688b82e42a5b,1,0.5687005635250083,2.79
923831a05c9f91f7,0,0.47884296907789436,2.62
1b8187fa4bf6ab05,0,0.4931257629432121,2.64
0c7b9cf2b7662b65,0,0.4668248267209892,2.46
2d1e337aaf341858,0,0.4896284926083151,2.55
2c04320e110a14a3,1,0.6787277129350293,3.06
4c8b7540409da4ac,0,0.4640986400895995,2.51
ac8e3949d284e9a9,1,0.6970199807352011,4.02
fe44cc816576c652,1,0.6471705502857908,2.93
95019eac1c0a052f,1,0.694632693881077,3.41
3edcccc4f341fb1a,1,0.6828892932865699,3.05
a278db6b2b09cf9f,1,0.6298896833204952,3.17
394f6d30cafc3edb,1,0.618352860185254,2.93
830fb3967c74866d,1,0.6610445395207908,3.08
f9705c362f070608,1,0.5984576834410908,2.86
86cbddb61ea78bb7,1,0.5940404011108835,3.12
85b2176b3b194030,0,0.41474424345629146,2.37
31e2e2d9cca3778f,1,0.5736914710750153,2.81
a6454e329f872b78,1,0.581450367590862,2.82
aa35446aab16017f,1,0.5858019691865991,3.02
af58a74e4b2a23a0,1,0.6587607534226814,2.86
8ecf0356a3878811,1,0.6480009060059625,2.91
e34efcc824685332,0,0.43449558535604543,2.48
02b74068fa98d8a4,1,0.6500727086430379,3.39
132ec5e8c984adef,1,0.5758625805216895,2.58
71e36f33981ddb74,0,0.46271256786924847,2.59
727bf2b86b19ad88,1,0.5404053818945882,2.75
cc82685d9f49bc2c,1,0.6491373776940402,2.88
137b0b2775701e11,0,0.4743063641391899,2.43
caa2e5b3fb1b2d4c,0,0.3684080274669348,2.19
47d47155e89c8be7,1,0.5561437212035424,2.87
b96fc7a0ea7d4b45,1,0.6332508902839085,3.46
5b43cae640f2338a,1,0.5829274814445441,3.11
d512871626a5e588,1,0.6212234962129858,2.92
a10c7515834240f3,0,0.4702518519215427,2.69
adb5f51c2e2ab13f,0,0.4989827313030248,2.42
24af96df0bafb925,1,0.5848800025818928,3.05
17fb5a88180f9904,1,0.6654769837567336,3.11
1174156c4a0eccaa,1,0.5688796342648407,2.93
708345c9897fd7c5,1,0.6962614377708201,3.41
245e6bf08b8d2955,0,0.3841920168048564,2.0
2b52334fab158861,1,0.5403491495730969,2.82
b8a8ff84233f0570,1,0.6378003294877354,2.92
aeff7b87a8e83ebb,1,0.6018623575722603,3.1
fbb21a2f71f4d981,1,0.635554482146068,3.05
6b6cd77fbc91b7a6,1,0.6773758500216812,2.96
0b165bd4b9f42fd5,1,0.524173870239358,2.77
afa829857f82f99e,1,0.8306256590128338,3.41
f201f263d8c23f97,1,0.630666085715145,3.37
eec424a84c9e4c68,1,0.5743993355492275,3.14
de4b403cb629a29f,1,0.6772617885851814,2.93
9194ae88379dbf1a,1,0.6376587819178033,2.92
ac4dde0d1be05de0,1,0.6301724153766158,3.2
a2bd4ca82d908442,1,0.6278616911079901,2.78
9eaf58b03a2779cc,1,0.5317744326579118,3.15
27c5968fe43cc06e,1,0.7291433366306532,3.83
1d6dd0c87d90fe92,1,0.6176158539279919,3.03
a01f6d368ef64dc5,1,0.5443782259034832,2.57
047dfa57ba0bf638,1,0.5517062575433429,2.83
ad2887ce04583910,0,0.4284691444258392,2.29
bf5de316a5e9a4ab,1,0.5961881531698109,2.92
3c6fe637a0180b01,1,0.6096036653652666,3.82
94a958ea126cdcd5,1,0.6859000484458042,3.44
0e94a089328be4bc,0,0.4403301557519442,2.44
4b9d9cfe0f435788,0,0.4999287148648414,2.74
28cf0d1c51b491e5,1,0.6359896397936655,2.91
33a3e0e3ffde0dcd,1,0.5999311287744185,2.93
42b0c50fc44140ec,0,0.4767901629034981,2.58
966ebb738e0f9d9b,1,0.6498303964489183,3.08
1e264c677d4ee4ae,1,0.6836334817693134,3.77
5b987e54ee72525c,1,0.5064368050185949,2.55
8a6ec2761f91dad2,1,0.527227066560123,2.72
bfbb54bc8cdeed2b,1,0.6803416584183897,3.21
e2e7b683b4c15b7d,1,0.5883840486799552,2.89
1b0fc9f777cad045,1,0.6321036098840308,3.47
5f22418922fa728b,0,0.43907793504444614,2.78
16ef91b9d827859c,1,0.6303590896606065,3.31
a80f66b254fe9eb3,1,0.6433416054953328,3.12
bf68dcb5fad3cc8c,0,0.45797441696734376,2.57
999912e63a3262ae,0,0.44796668024061054,2.56
0e0da9192a025efc,1,0.6186519122285593,3.18
9b65f676984c9f0c,1,0.672266799371707,2.73
ffdc825785c0ede8,1,0.6662756708969724,2.98
41164b8ac02a2c42,1,0.7496117374683371,3.28
1fbb5f786e53a0ce,1,0.538277662364843,2.8
ad41c24ccac0c7ce,1,0.579089260611618,2.94
39861fc1c0845d15,1,0.6521296045364414,3.56
5319169a72714c62,1,0.514540473681268,2.88
cf1aa2fc02a7d1e0,1,0.6707948888232801,3.68
4416c474713ec1f5,1,0.6416958285616378,3.32
63ee5bc46066a8a8,1,0.5355349304557251,2.82
c1379d3744f1dd2c,0,0.4703723602061514,2.73
1ad06aed9349af46,0,0.45963877510428747,2.71
8682c03de6a844ff,0,0.33959584514176683,2.17
d5e0526e1ab682a3,1,0.6952746443245275,2.97
01a177623cce9596,1,0.5951210501139118,2.92
6e8e5626ac4d279e,1,0.6608379252742042,2.95
ac5e0d3938caf686,1,0.6628179662594512,2.88
2f0213137a80d485,0,0.41462436420459897,2.23
44d97b6707dae3f0,1,0.6817006822298819,3.0
8bbd7df8a324f31d,1,0.5649406908300417,2.9
4be9d1910f8a4e80,1,0.5214586001614944,2.61
077b635ff2afc578,1,0.6072411694582441,2.84
148715df5a02ea5e,0,0.36014263586868744,2.13
4a7a25be293ad678,1,0.676552150862601,4.05
ce1ae197ada2aec4,1,0.6545744479650029,3.51
14e44163678e24dc,1,0.5300037935571875,2.64
582a21a1dbbef3cf,0,0.47016375558736817,2.71
3063c7e95d0bf76f,1,0.7550462166778348,3.35
235fa48eeed11d82,0,0.44849093140430873,2.36
f732d7d18a91d2ba,1,0.6692223653312268,3.3
c6ca293d4810e0d5,1,0.5254945429784901,2.8
54fc03f1e1d355db,1,0.7909815533501569,2.99
64fd010bf8d15096,1,0.6599863462259538,2.89
b63ea3f7a57ae099,0,0.4778728059101609,2.65
f40fea200e0c644f,1,0.6732415675267306,2.94
ebf81a62e4798fd1,1,0.5350831214624123,2.98
8976d9161c027142,1,0.5473258844060124,2.68
b8d7b3f5c7a95d65,1,0.6975781088539211,3.57
abdd91e96515a617,1,0.714083441358213,2.86
81ef44fcc5f454df,1,0.59809138546146,2.98
db84624b151cbe06,1,0.6316485063401218,3.03
e7fe3bf2768602cf,1,0.544258910520306,2.83
c039f5aceb093537,1,0.6790282800401244,3.18
9546d537fbf99eb6,1,0.5761665003464536,3.15
b978c9852cde91bd,1,0.8029248910488469,3.67
bddc6fd036eb6279,1,0.5330118927736691,2.67
c6a29d6df8de968c,1,0.5748528504740422,2.98
76319fe9d8b465a3,1,0.6924608596385557,3.45
3968e3fbf4695d7c,1,0.5146466911091268,2.52
6983328f15506cb9,1,0.6264221163795161,3.25
df7e628bad5782b4,1,0.5823846475861726,2.78
d069086944f2e330,0,0.38837273429336955,2.27
49b24c6a41b82bd2,1,0.7627081099516977,2.88
63343e287971bb0c,1,0.6384871438931105,3.1
a4eef523118805ef,0,0.4318908493799706,2.24
515cb8fcafb1ad98,0,0.45767279501440966,2.47
6159d8b187831770,1,0.5435333306861433,2.67
985991708c47003e,1,0.7288857641151222,3.82
437d8dea9272d0a9,1,0.5192665999765661,2.7
1c584f82a7a1c4f0,1,0.6233716505611789,3.24
cf62fa272b5f0fa3,1,0.6237987271277765,2.83
f435aa99d864077d,0,0.4898179352449556,2.31
b06599b108e83f98,0,0.4812324347381569,2.28
05a61a3bd8ca4149,1,0.5488526460055421,2.61
b783ce08802cd1d1,1,0.6845817075124373,3.05
47e1b2d43f709995,1,0.5717867597998225,2.81
28b2df9fadc9f07e,1,0.6473586975109906,3.21
5569c3fea112718e,1,0.5259241583048556,2.81
bade9943ee01b63f,1,0.5484450661362643,2.95
469508882dfc1991,0,0.47837901678300715,2.37
825d6c44da3ca5a6,1,0.6315057633263308,3.05
20dc4f1ac5d4fd9c,1,0.7026274702853946,3.71
ce8666d9b42fc9a0,1,0.7167913202532159,3.22
b5953ca1f8a0b8d7,1,0.6240736510261634,3.02
c65c25d990fc7025,1,0.6439434511088956,3.08
f608c903c451f387,1,0.7321498639464462,2.92
2587c54f5530dafc,0,0.4614891125528153,2.6
816180220e8cb419,1,0.7086173632682485,3.65
2c34f9432069b52b,1,0.6957924767917847,3.14
bb967277222e689c,1,0.651872104619658,3.09
2b69dec0193511d9,1,0.6243950252409192,2.95
40c4bf520c17de54,1,0.763723203259052,4.41
a9d7b75461084a26,1,0.6395160353077913,2.88
34669b2e9d407d3a,0,0.359864033028503,2.38
96aa539bfd4c07e2,1,0.6555319160283913,3.49
ab60e6f5a63e1cfb,1,0.6626993569854248,3.64
d1848064c54e01c7,1,0.7781940362406792,3.2
4fd0a2a350f016e6,1,0.659141990844619,2.97
0967effecd292a86,1,0.5275877908742017,2.91
903a9f8090104c2c,0,0.48310655243957007,2.63
4b50fb1359ebf35d,1,0.5900189230347667,2.95
65cfc9f242c2984a,1,0.5967613882216699,2.86
33396269bcce166f,0,0.43694260924031014,2.6
ca74f2e3c35a3e77,0,0.4148526143833429,2.15
3f25a2fedae191cc,1,0.73733070411141,3.27
f9c87ccb2bc4853b,1,0.6345775389454176,3.04
e77594ece9b9d1fe,1,0.5522291133555031,2.83
0e095ed785af7e43,1,0.6254146562494391,3.38
913e7109cec0cb4c,0,0.4085316951600106,2.28
ee6c67859d70186b,1,0.6007014569664066,2.98
6baac632f7711e26,1,0.5128661342545344,2.84
8fab4c4f6f82a4ce,0,0.4065899759449341,2.21
97187f5cf0385da3,1,0.5697954714464689,2.95
7e9068872228c474,1,0.5802750353727811,2.73
e845d305f64154f1,0,0.4703333864916296,2.38
7186241e043de5dc,1,0.5447118572130286,2.9
d6d9ffea95f2f8bf,1,0.6709612059601304,3.34
63d5f1651880dcea,1,0.7545149375884113,3.48
c181ca8eabe7d18c,1,0.5699590915408763,2.79
61cf7eb9d2cd8bb0,1,0.530767451687566,2.74
e77033ce559947f7,1,0.6717203769097082,2.75
04f6c929888f4f11,1,0.6164223512278967,2.91
b69c852e7e3956af,1,0.5883178143759082,2.95
1809259a5a5f1d8d,1,0.510463837015422,2.43
e0bdd79c7304ee8d,1,0.6192512062035904,3.02
3eec766dda26fa64,1,0.621416509271942,3.03
5a0d2e9284004266,1,0.6707585739652474,3.04
9afd00e81d6208e6,0,0.4561498572659851,2.41
4f283dfcbeccc0d4,1,0.5874495724901,2.97
1bba4b1ba23ed2d6,1,0.5217829694973127,2.67
a2308a936e898d48,0,0.45206958399811326,2.33
331c26103d885cae,1,0.5275243133711777,2.63
a2475a245c9907c4,1,0.6118704523779452,3.74
e46a164cf310fd7d,1,0.731075697847789,2.96
bee6e93e9976f4fa,1,0.6885277907546452,3.56
aeb51dfbe8aeec59,1,0.7230306061145154,4.19
52fc458ffc756faf,1,0.6768462237018076,3.3
d56d0710668bb39c,0,0.4892147218041991,2.65
4a823d80aa30dbb0,1,0.6408260159754654,2.96
c0fc0cd215ee1724,1,0.6325257945917597,3.31
9a7291b89bd5445c,1,0.6015125007768617,3.29
bff270fe9c86a5a9,1,0.5323173566443785,2.86
4729afff3bea0f0a,1,0.6264046880151866,2.89
4d3a4c7b442a9a4e,0,0.4429612117353012,2.56
044534b0b28b4e87,1,0.5977237287605193,2.84
c44c5e1425475206,1,0.5698905263818079,2.79
29af1a2566c4e36e,1,0.5093826572650589,2.81
39eefec3a8498dde,1,0.7041613409613591,3.81
0cf57cb49272fd37,0,0.43731735680952327,2.24
bd26e8a79a856c31,1,0.6141992417622059,3.02
0ab4b35dcffcffd1,0,0.48730735797940994,2.55
bbf1ea50be8008ab,1,0.5509983729919202,2.71
0bfdef63285d3019,1,0.678515095773742,3.13
b7870fa6dc088fbb,1,0.5074010685087638,2.73
8a150fd8ff5d7686,1,0.6261596586461765,3.05
d48c1369927ebef1,0,0.430420661390648,2.53
df6a7c43faa6732b,1,0.6292482476795598,3.43
e049d44c4f1cf1b2,0,0.451110458034367,2.24
0c11e2d068768dbb,1,0.5563773157126805,2.76
4dbd54d9e36c9566,1,0.5865710107088042,2.78
7f5157bf53065d36,1,0.7406457918460356,3.06
77e9ea355bd8ae57,0,0.4286009429248997,2.71
04e3de7ac35ec5cd,1,0.7860594669864508,3.24
15ebd83e53d0391b,1,0.6287166388152612,3.19
fef91502cbacf23a,1,0.6976628975008898,2.99
b1a227b7609ff263,0,0.42604420655393577,2.54
f16c2edb2a603f92,1,0.617037561130617,3.33
88ec621893e595d0,1,0.5703576704227136,2.93
b46d022080543144,0,0.493813125991223,2.69
9735c969c652dd89,1,0.5901691829491156,2.94
48cb52d78c992487,0,0.4684322925555081,2.67
a94350ee74deaa07,1,0.6044858587534159,2.9
4242cc3d0437db12,0,0.3787535569623545,2.15
4a0b78598b42897a,1,0.5328317605585222,2.61
0ff9d10864db8364,1,0.6668171635905066,3.13
9147c5251cc99eb1,1,0.5706000664801489,2.8
0345872b14f9e774,1,0.6116761739871182,2.99
a8dbf1c6b41b885a,1,0.672334562195082,3.0
f935412970c9f58f,1,0.6225374185055003,2.92
47f4fd3e8e1dac05,1,0.5024651023909488,2.76
57f85720e54d6442,0,0.4116969516495125,2.28
7a10353c9c54cf7c,1,0.6312094107758993,2.78
24933c712f0bca2f,1,0.7776955347664425,3.31
d250657f0ebc5d73,1,0.5530194239077839,2.81
20789fb17b423c4c,1,0.6709632390563576,3.31
4b8fa561a1e52d1c,1,0.6110031385840692,3.02
5fbd03b1ac0a0e69,1,0.6192037599647272,3.25
ba047a636b7d3793,1,0.6685249523661354,3.59
8776181be110838a,0,0.47280796625665367,2.63
bd087cf6a846db75,1,0.6281803841651895,2.87
7ffebdd1d5148aef,1,0.6278188308289345,2.89
9639e89d20228e6e,1,0.6637516702761792,2.93
8486f61aa81a3daa,1,0.5455471158246585,2.62
31c56c4d0fe19340,0,0.4366524217965208,2.83
68008abf6409dfde,0,0.4729523418779455,2.19
746029796363aa51,1,0.5940718781509396,2.97
924438fc6cbec836,1,0.6129815218387591,3.11
725cd8d23d78cdca,1,0.6550115623919409,2.99
dac4b5847454fd9b,1,0.6620608355984704,2.92
b6670507e85b30e6,0,0.47332189578430395,2.69
40cdcbb7692fd408,1,0.675528702749554,3.24
b74ee891e2a6dd69,1,0.6785100052654011,3.7
4c82371b8cd02d4d,1,0.5619259128388573,3.23
68407606544d6f22,1,0.7975658705169724,3.48
2a9fcb3382d351c8,1,0.6356520734689824,3.4
eff5710404e2ff78,1,0.5572061329105608,2.86
c00bc29a678a6efb,1,0.6490381389840034,3.52
de6d7645f192d517,0,0.4785934737352205,2.33
2e40333991f56f45,1,0.5793552484363724,2.73
4e78f06160b717ac,0,0.48632330163560866,2.79
4fa75fc6829431ca,1,0.6070183832474353,2.95
4e980425468708da,1,0.6417084078009648,3.03
4807043b8218e9ce,1,0.6499142037730895,3.4
4781b6bfd6f7a2c5,0,0.4873002211717432,2.78
a322361a37a78d3d,0,0.4198946325443515,2.42
5b546a46a86a9d8c,1,0.703422511311641,3.29
6b52904b2ab91bf6,1,0.6209897741881922,3.26
cc1936a9f4e93477,1,0.5217077381852075,2.71
6c7fa6844380f50a,1,0.6656962227340685,3.44
d1378a0ad06ff979,1,0.6520570008773646,3.07
5ba3d703d1ae0c1d,1,0.7587579180627386,3.74
774fa432bd7d9c47,0,0.43113101877455956,2.77
fd364afd082f5446,1,0.6627397268135998,2.98
2da5edf8b5776c9a,1,0.6571785205673123,2.97
60376aa71be66083,1,0.7646758022623407,3.22
2efa5a839e62b1bd,1,0.5385498219457147,2.85
d326e189b1210916,1,0.6558765176037891,3.4
e6635f5b0a2c78db,1,0.5227301114395059,2.7
72b5355dda190b6a,1,0.5363310969314528,2.84
48736df57e7bec9f,1,0.5740596383152532,2.75
d33824cb93ecab6f,1,0.5654628876358156,2.73
2bc80eba94950873,1,0.5603638080531287,2.75
eb7459e0c570251d,0,0.481601435168731,2.38
cb17945cb90b7837,0,0.42175452892339566,2.84
3d250ab0f12be445,1,0.6188597493336156,2.94
6478ccb4416e6a5d,1,0.7886397509713131,3.95
2a1b3d967cda1da2,1,0.5437811409812947,2.8
8d8e9f9b8730eb25,1,0.6212631731776579,2.96
720c36b2bee4692e,1,0.5606538785635152,2.84
6d235933670503d9,0,0.4121537530353332,2.2
f38f37ed934d84b2,1,0.5859442239306203,2.81
7a2b51f69e81c722,1,0.5876005353113777,2.87
6958de044cb28a84,0,0.4949386167688667,2.79
fe0f34ebed689381,1,0.6074886920351574,2.85
e792c0969cefe1b8,1,0.5621643544824898,3.06
012170e4fc87ace0,0,0.4781462626409255,2.45
384c7d41d5ffe9d1,1,0.7021664412064369,3.06
56a34d0cec11d6b0,1,0.67089889005813,3.22
97258f576d4bb672,1,0.5580967157563717,2.56
4e3b183180e2a992,1,0.687431808370141,3.56
6e06d0f00f6da20f,1,0.6649192726619397,3.24
f3c70d296ec796c4,1,0.8452320090457932,3.44
faf841f81c52638b,1,0.5637321204542568,2.63
46cb43c2ab133ccc,1,0.549583591217126,2.92
9e60929f521fa280,1,0.7836910724689753,3.36
2e5b4ff08a75fd02,1,0.6487237860786297,3.07
e75f3ae1da1cc652,1,0.6260952749515895,3.18
759ee7d059b1beb8,0,0.490199932149436,2.73
60369d96b7b80869,1,0.6184077255628418,3.01
163d89116179c33f,1,0.6231471647277164,3.43
3a7d54a264d9f33e,0,0.4959992217909805,2.64
bc209a900101f28d,0,0.44574657794799977,2.46
abbb492978ff656d,1,0.6824956386091771,2.99
2e4fc5eacceec12c,1,0.6334039464923016,3.12
e0b3a679b83caccc,1,0.7445245240994903,3.26
f701fae56b645ef7,1,0.7031969897722979,4.09
93379e3a2072a01b,0,0.47486158016936547,2.54
0d210d2448c3018f,1,0.6172821468515128,3.43
dfd9ff1f343cdaff,1,0.6814325839097469,3.04
c4589ee5977a47be,1,0.6421852728761093,3.1
3213b1f13f5f0f7c,1,0.7752226119052921,3.2
ad84f18659e6bfe2,1,0.6295447489757389,2.89
3661360c99719414,1,0.5979037552402007,2.89
a2a9f76339d21ab1,1,0.58617281877877,3.22
fe7210553d56c097,1,0.5037614459100056,2.79
fec06f52054ea900,1,0.5376944201338095,2.76
c4182bdb53e2459a,1,0.6403127174349621,3.29
b228042c088b1913,1,0.6361445241870761,3.1
b716233fcb6877e6,1,0.5629855320962814,2.87
84126312e2431a09,1,0.5833571557451038,2.84
50d5a7b861ed1c54,1,0.5330385705377512,2.72
1dba84766a5e87b8,1,0.5966200418340836,2.85
84bb29c53592ac40,1,0.7061095622502991,3.26
59a8ae019b64f2a7,1,0.6365251579670631,3.27
2973d38c2fbd7a5c,1,0.6621155969358777,2.88
e958ae92f328c181,1,0.6094305762916725,2.82
6036239d2ab349b7,1,0.5581563319461471,2.77
a4ce39a3720cd679,1,0.5966628920493551,2.9
12a90b90283b2e6d,1,0.6210082309421469,3.0
81c68492ccd72941,0,0.4766980114544293,2.67
5e1a88d248599768,1,0.6033712675050821,3.17
7093cf549cd2e7de,0,0.46115407490565125,2.54
07e6810fd3236bda,1,0.8115400826273945,3.07
8dde2ff3f6fcc0a3,1,0.551974707414345,2.83
44f545727e704187,1,0.6690193499527889,3.9
45045146dbf7b009,1,0.6793773507342656,3.54
7284d85428305f5a,1,0.6672450747445079,3.83
d219d4e325e6f204,1,0.5480199070959695,2.83
6c49258724f11770,1,0.5627037995289589,2.79
3fd83dcf37bf1bc0,0,0.4215149574616986,2.3
3fc124f59f3068e4,1,0.5436888476050467,2.82
630e766f0a1987dd,0,0.47980864506052046,2.73
b28c7d07afa7063b,0,0.41618184184299417,2.58
75cc85cdbe9ad46b,1,0.604065602695333,3.25
d5ad4c92d8bf26c9,1,0.5301004486651612,2.94
e46b1074b99ac4b6,1,0.6864235379504402,3.4
94bb629a3f6dd00b,1,0.7740326218940264,3.95
1c0a38899c82b60a,0,0.4905431229430446,2.53
bcf567421c581f0a,1,0.6031088327345785,2.82
429b4a811bef386c,0,0.4440153388376445,2.22
b54d7416bb445989,1,0.75844552135455,4.23
ad5e078beceaeb4a,1,0.5664905903887064,2.62
612369a5947a012e,1,0.7488270418945727,3.53
f36d24c309e87e5b,1,0.6547043340087924,3.4
add33db6ff80db24,1,0.5128093920062134,2.77
d9290e99f189ce84,1,0.7828570834867422,3.46
cf3b86489890b9f2,1,0.53947974426114,2.7
03cbb67c0f990d87,1,0.5685727310250505,3.21
f2c8f4b4c94d5c5c,1,0.5390883813576467,2.92
89a89e76f3516357,1,0.6447816106916416,2.8
a8f4577a48023344,1,0.6131680937115052,3.15
d4de23aa98acc65b,1,0.6554578308539527,3.16
6053ddf69c967d5f,1,0.5912390388018173,2.89
9cc207168a03470d,1,0.7486968313579675,2.92
011674f4a3834b8d,1,0.7120013487049561,4.19
6a57286a8890d8c5,1,0.5826544796218817,2.57
6d2f70d9424f41a1,1,0.6963137872022215,3.72
6587f46697fc4443,0,0.4732735445889875,2.83
45033bdf3d9ed158,1,0.677083592510748,3.07
c65ee14957c0fa5c,0,0.3585289771364766,2.36
ff2dffba388d9922,1,0.5266690046023487,2.84
df53c2948b32bde3,1,0.5341340292527549,2.77
9c4d061c1e2fe6bf,1,0.7457630585970746,2.82
8930013d06942df1,1,0.7184355896529563,4.04
31f5bbf4974d29c9,1,0.699141740178382,4.08
38199c5d7da0c0ef,1,0.646712713943623,3.4
ae884ac655d6ee3e,1,0.7178069402909797,3.8
5de4baa88061a77a,1,0.503365631063532,2.88
2ba5ccc84d35006c,1,0.6579461494512732,2.83
3a95f5a2df4ff921,1,0.6192340086771285,3.23
869d20b3b8128230,1,0.5650556896450578,2.88
70b585c9d0f15725,1,0.5725689822989245,2.81
5212c6acea3359e5,1,0.5861145177985141,2.93
81d4191030b9704b,1,0.5332275532373525,2.79
deda806b68b0aa11,1,0.5619883334025508,2.98
670a2773607d785d,1,0.5743277785723822,2.77
ac337893a9fe0085,1,0.588240777325609,2.73
eff24325e0ede639,1,0.5950920117305681,2.95
5a6b7155f2797537,1,0.6769444743381924,3.36
73f4f87dd936ee5c,1,0.6120985288359556,3.41
c7c4f55b7321cba7,1,0.5508380535954729,2.94
23310ce84d3c9f85,1,0.5515127655022258,2.57
ddbc5530d2939d49,1,0.5464408470593709,2.73
5eff05e59f905a49,1,0.5472459221739205,2.79
8fff1084aa085a13,1,0.6627768884852004,3.21
ad15a9a139919918,1,0.5485472057325805,2.78
2b69d289279aabfd,0,0.42163280473763787,2.41
a2dc754afb69bb32,1,0.5061096280131241,2.81
aaebac5fda798b1b,0,0.46147221479456774,2.49
2798974abc8a58a8,1,0.7718208011618753,2.9
0812f54c93d726ce,1,0.5851541228782408,2.82
78a4ac98191ac675,1,0.707613658394823,3.98
1451b55e5e56bb89,1,0.7360575476239698,2.89
aead11697d14ea36,1,0.5317360509134619,2.7
f6ae39568db1130e,1,0.6378746373551512,3.88
d12ca4020c2f602e,0,0.4519614386368625,2.47
6e9403f00acd6752,0,0.4413686898978692,2.54
634b7165c96ebb9f,0,0.473998522910505,2.6
5a7ff9aaa3168878,1,0.6717469799160686,3.04
5d55202da0252627,0,0.4755331500242981,2.44
d30b9215c72cca87,1,0.6831862967486767,3.0
07bb35158d9dd3d2,1,0.536117130855696,2.66
dab0196cd5fc8e5e,1,0.5587184018559767,3.19
06bab964fd536971,1,0.6188270227704341,3.01
be3db344a845580b,1,0.5009766339810401,2.75
0e4e2d31c2fb3aad,1,0.5497865464282018,2.78
7feac4000cbc5859,1,0.5778040696720862,3.25
52aa3d79b1cee455,0,0.4655008769082202,2.61
4672d10b9b1e7a05,0,0.49434911226959555,2.88
b830685072fa871f,1,0.5008163576240449,2.75
599a4f98bb193368,0,0.48514914678066395,2.47
61bc8167c9680283,1,0.501886404796251,2.77
b53078de0147f6bf,1,0.5090088718287396,2.84
8ebad30219b8679c,0,0.47675149077453716,2.66
2173a2ce35f6ace1,0,0.4793126639861679,2.6
57f755143ee96fd4,1,0.6158687546205788,2.88
719d72f3ee512dc6,1,0.5323916673453829,2.54
75fed6a47f69859d,1,0.6043547325284486,2.71
a33ed2e6068df53e,1,0.6005374592455475,2.87
813cff2aefa5d1f0,1,0.6060650773432547,3.03
2b685187f55c5d31,1,0.529363515297853,2.75
224fa77d4b248046,0,0.36398415164276005,2.38
3d15714d4d3d15dd,1,0.5556559295895114,2.95
49f24193f0b961e6,0,0.44062699999754706,2.78
742702d662a71410,0,0.4813916626739474,2.43
f06039c29b5891fa,1,0.5893719963568337,3.11
91eb9605998a7c03,1,0.6377461978111341,3.43
322a9e34d87f54b1,1,0.6020271820429292,2.76
366a236aa1ea6f07,1,0.5169416412073384,2.6
1a5044d233936b1a,1,0.5731588171443989,2.62
0e92ccf1bd39e68f,0,0.4461272902583029,2.08
e2d47e82c50d41d9,0,0.4257671771180278,2.35
3c456328b04a8ee8,1,0.6742550034352358,3.59
0e7beedf0ee9380c,1,0.5750731244143834,2.74
969f6c7e86554814,0,0.47305270428855883,2.46
b9f6305a3d650e2c,0,0.47626649142913996,2.66
fa26798728f5208f,1,0.6196114656618334,2.67
ee441c8e027caa66,1,0.5320465460416335,2.76
29d6d87f3418638b,1,0.5625185623125715,2.77
3e42ac0f4d43320f,1,0.6366245905589937,2.82
6263c1d2997b8ce0,1,0.7329187759767966,3.97
0baf71623648413a,0,0.446607259290575,2.68
4266f48a0aa1c37d,0,0.4298800616411599,2.49
36c15687f5ab0f7c,0,0.45507513013155054,2.67
cf2f27fdf94ba20e,1,0.5297958689976032,2.64
70c7c3ca7f9b2728,1,0.5686723070593316,2.64
476c7972e9b41891,0,0.47532122737685534,2.88
35e69a79d2b1e804,1,0.6507642324078511,3.17
554e9e2d532b3a87,1,0.5823196704274312,2.84
ff6bb30dd0c482a6,1,0.6470614197408799,3.18
a8b0ea6490bc818f,1,0.5919065912472018,2.78
b5da59dd177eb36b,0,0.29869535565961103,2.22
4a0a276409968a73,1,0.5530785981226185,3.02
c88422d8959260ab,1,0.6520069617440138,2.89
e2dac1f4739e0bd5,1,0.5002307966705152,2.39
92dcc54a27107a37,1,0.5887543264778142,2.66
bfa9cb304075d3e8,0,0.4932511856825259,2.73
8f5d16a5a9bd58b2,1,0.5415466620581703,2.55
dd003e904727281a,1,0.526695232144042,2.85
b3f2bc2cefb35f05,1,0.5730276338116199,3.08
c6bf14cb901c63ac,1,0.5874543352941763,3.11
63c0826ef59eae66,1,0.7317236671537347,3.44
a6ab0cb7106a67f2,0,0.4884949187477302,2.29
f51062bf579507d9,1,0.6326517242020364,3.2
b22362b434e8ee62,1,0.5800695420816122,2.94
dabf11918b48b40c,1,0.598139031120221,2.84
1be6d3b121865edb,0,0.4909054982428731,2.66
cad70d6ffd53912f,1,0.6050353854516348,2.96
23707d3ddf14a999,1,0.5916836181183154,3.12
487449f4f6322f0f,1,0.6060171981896735,2.79
b7f475238ed50429,0,0.4705486429115497,2.64
970bd3316219e7dc,1,0.5116447912282591,2.7
a75e274c8814b539,0,0.46636395468252817,2.62
08decd9664e5d56e,1,0.6915036251169933,3.48
cd3dcd83bb002e78,1,0.6710789125978676,3.23
b04a6a0db525857d,1,0.5600117105831791,2.76
311634df10651e05,1,0.6314579629601509,2.86
2858ac90c4758e1f,0,0.46953620024081205,2.39
61002f3b7ba5d780,1,0.5410775305357312,2.78
a11ae5f07572ef49,1,0.5086166279273576,2.94
f08667e4c0458f37,0,0.4668037408852311,2.52
ac27ab4bcd9c492e,1,0.6306120737365585,3.27
3fc9d51d1c4d6ba7,1,0.5393480536295105,2.79
feaaae90514eb2ac,1,0.523085682381301,2.76
c57d3c96af23c297,1,0.5519375470313043,2.77
07806456878931bc,1,0.5324056548590058,2.84
281a244ce1954711,1,0.5805396215427774,2.86
510832818edb6fbc,1,0.5996068952609939,2.98
5b2cd5b31a510848,1,0.5311636338984066,2.67
7b870bf85d01c2dc,1,0.5503888749578145,2.82
28921443f052bea6,1,0.6024269697586159,2.87
b4f5672f68ec3a83,1,0.6489462586609447,2.75
89cad3f37c9ce226,1,0.5344398702410196,2.85
8e9dd8431170c09e,1,0.6117587616400473,2.89
ecdf73ee66c33b17,1,0.6302112104848374,2.85
4c8ece50736f9e88,1,0.5677766421877114,2.83
2ef5dc7e278e562a,1,0.6789666631181659,3.52
3c565df219ba3274,0,0.4592855341640479,2.25
9707989a439757b4,1,0.6516762574264816,2.92
cb62418129b864a3,1,0.5805136316413314,2.86
8e2dfd6bcf48e1e6,0,0.4816318781241485,2.9
09a7b0b566ad6225,0,0.4606047078152097,2.45
c59283b05905c853,1,0.5969137170037182,2.76
8378c899988905ee,0,0.42949466195422803,2.68
3250650a5c4e6f07,1,0.5158950100343066,2.73
cb65e49993db9a93,0,0.4852426578437048,2.66
c4d9fce9eff3b8ba,0,0.43513410362585114,2.59
747cf7fca2ccdbd4,1,0.5954468953207706,3.1
54aeeb4610d3ae08,1,0.616373435442595,2.83
7ce5a92baabb6bc0,0,0.3213888509691831,1.98
7980fa06f2b704d8,0,0.4500566372144067,2.65
e9056f9b5a40a301,1,0.5600889803688801,2.89
abc4a7ee16c21088,0,0.4910470476379515,2.76
546da23278482b0a,0,0.4492200130288271,2.6
0dcadb06206abd3c,0,0.4912617652157359,2.7
4ef75307fb64e2ad,1,0.6182835086407015,2.78
4b3f4f151c99f472,0,0.4913581387230984,2.39
c53d9fefcda371e9,1,0.7414354154612229,3.85
4ec53ff7e2263f32,1,0.5591643430189954,2.75
1de75f05d57bfc10,0,0.49109098318768996,2.66
1246e4ffeb5ac4ea,0,0.47717433805229276,2.65
0ce8075fab4a2b5b,1,0.68232983070046,3.2
d5e1a9bfe22bbf9f,0,0.41294060417472067,2.29
190fbebbf798c31a,1,0.6508602834667697,3.25
16e843e6b853cc2f,1,0.6004607090751355,3.15
a0dd11f6abc421ec,1,0.5580682400889502,3.02
d4a29356fc992879,0,0.4472591718110759,2.23
034829ffdd0a0aea,1,0.7155839482561923,3.01
a7c3f1010d64799a,1,0.552079032158845,2.65
6c4646d90b60a56c,1,0.6189526401314205,2.96
d8292cd5f1aca291,1,0.6534032050487802,2.84
61569d12d4ae7161,1,0.6176581678596824,2.92
6b32b561dab8036c,0,0.42955747899295216,2.53
8010c7c148057fd3,0,0.4841077806158982,2.72
6c4d17a46cac8787,1,0.6189023446081308,2.88
1812b8f5641287e3,1,0.5149998664560347,2.85
557c03c284be1bf2,0,0.45481280635971155,2.48
cc1ac978a6835ef6,0,0.4661447395708912,2.6
0cb4856be3694a57,0,0.4934795981863585,2.83
b003f8bb02f76dc5,1,0.5888386143995007,2.96
621e2c310cec8d32,1,0.6016708293164997,2.96
4f6985aca357ae09,0,0.49715571361731614,2.7
c300cc9326592b65,1,0.5831310616934097,3.04
d5c588b6f9c015e4,1,0.620424746440675,3.36
984b3b6e7479b571,1,0.6496014112354322,3.01
41fc5dce044f16f5,1,0.5340802141306429,2.77
d5f5a122a593b580,1,0.5221146528603743,2.79
a9aa3ed5b316470b,1,0.6577038282463447,3.03
2ed3a794a70aa85f,1,0.6471185480739874,3.36
ed813a848580ba50,1,0.5857476629204126,3.34
147019cae600694e,1,0.5536475669978935,2.84
588ba85ff11a3263,1,0.5390429009650035,2.82
b843f52a986a2914,1,0.682877558884516,3.28
73f71f9556442117,0,0.4697458922327823,2.43
36d5884d44484277,1,0.5034414562321416,2.68
a7ec599c1a547746,1,0.64534461311936,2.91
98330e431e56a9ea,0,0.3747819318324821,2.14
81372abc86f65c79,1,0.6266892876312234,3.42
04d858cdeeee0da4,1,0.6975599081158846,3.35
d234ddecef49ef4e,0,0.45504098104923757,2.88
468bd274ac084bb9,0,0.46677559139919267,2.46
66937c669c4da072,1,0.6291932396656489,3.02
c9782ad2a0ed9331,1,0.5926984242644054,2.95
157f693d9e600ccc,0,0.45432577609357966,2.43
dbe33cf29ef1623d,1,0.5546061337808939,2.93
396385e3de5d18c3,1,0.5123901434524083,2.85
7e9579921e5407cb,0,0.4045490668108355,2.15
ef49db2aaa9bb547,0,0.37233129163654366,2.5
b461cf238506c5b8,0,0.3560943866789122,2.27
bbfc4a3b7b6c94a0,1,0.596560693889531,3.28
fd2337c1b73b686e,1,0.6284010372896628,3.46
8e0bc2fe4e7d35b5,1,0.5693960119722944,2.89
e256de8aa0c2115f,1,0.5206270332351646,2.78
0bbc48294707ba96,1,0.5738809938323509,2.64
860318b8e244f39c,1,0.6041138589688131,3.25
15f415d436888b2d,1,0.5542307743332262,2.75
d3f9c4539c0caa64,0,0.453928058346726,2.66
155e42df837ee5ff,1,0.6445644382613264,3.27
67dea6c75d6a1075,1,0.5092360869197459,2.75
3fb69f34e178d494,0,0.3963413501826663,2.38
5439bae708bca198,1,0.5985854730834741,3.32
1d89a2aa9f6ce50f,1,0.5063213410560862,2.72
5d22e2a46604b6e7,1,0.689837952219458,3.25
ef9c4f2465513956,1,0.5291308256911027,2.72
da0349a87c8caa2f,0,0.39156986143105776,2.27
7bf87402413c27ff,1,0.6052632923240773,3.45
cfe350b20d23b02b,1,0.5218896627614751,2.75
bcee4f289ff6699c,1,0.661495841010819,2.92
5dbd6ec4e154ad2f,1,0.6384463373488031,3.28
87beabf664115d79,1,0.5125531571263474,2.89
c9770bb1d5a492a0,1,0.6272231960384924,3.72
f5873c8fc7760000,0,0.409954165089959,2.5
165affa7adb5eded,0,0.4490604728900454,2.59
d2185b65af52d68c,0,0.39713244376676216,2.56
4130678275eb7c8c,1,0.5989007997051805,2.91
276dc716b1da8899,1,0.5034324193198083,2.76
f3c76b53b239f511,1,0.74237413362249,3.07
ce42e3de94226b2b,0,0.4652717250786463,2.73
9189fd009df41d0e,1,0.6642005677332692,2.83
b0e479be03911916,1,0.557199859491621,2.7
6fa3ea52c8e31e06,1,0.5812125512849036,2.87
637e5a45062aa548,1,0.6081528061036539,3.28
fb495f9f9015a772,1,0.5656914777590163,2.77
b6d3f4f4ee1f6069,1,0.7886383616764676,3.9
97b8f130d32e9f4e,0,0.3805404357141952,2.07
c0db71f6bb14db11,1,0.6578412065196249,3.01
d7b463918d3b8c39,1,0.6620540990700792,3.02
09d26b5f819c6a36,1,0.6225804978619913,3.13
8ceb5c6aed2c5f8b,1,0.5460467057067637,3.1
def389ddfda6991b,1,0.6541258278538846,2.86
c5f91eb481427dc5,1,0.6504378704591687,2.95
66a4e422b212726a,1,0.616658536977107,3.2
e7e87087b1a44711,1,0.5022040388366215,2.71
dab5e75d1339706a,1,0.5732258422432395,2.85
e63c3f25338baf9a,1,0.6280307625106686,2.93
0268f149d014b389,1,0.7292683758262009,3.2
460f97a346b44bac,0,0.43652615774027814,2.45
d6d98d3508c30f57,0,0.47334187960897983,2.57
9c96cd1329fbd82d,1,0.5451462875786812,2.7
dac9d1e654fac737,0,0.4987929052325432,2.69
6514add13c82b115,1,0.7110311528553706,3.79
32d035df92ab9080,1,0.6243676493650324,2.91
b78deb463531d078,1,0.6721028103339958,3.22
9e9932ae1a7d0943,1,0.6533320359458139,2.85
6f2c0a9adbb2bca9,0,0.46762601953919,2.49
38f776ab9118aed7,1,0.6250938638686057,2.79
5faefdc861684eb1,1,0.665198361107485,3.1
0ec9d2b018fb10d8,1,0.5941259560940287,2.73
f0512adadffd2480,1,0.6804150634187868,2.82
b0913e67d38d5ed5,1,0.7334989474579391,3.2
5c10b64db3e4f228,0,0.35099834486172765,2.01
c8614adb1a90b027,1,0.6254721061604451,2.83
c40b70e0f6d80189,0,0.4187487973087537,2.29
1aeca7d078d57deb,1,0.534734448643273,2.72
04e43893e32f9d29,1,0.5120959501153262,2.67
16c71736dae78764,0,0.47904839316732606,2.68
86d8bd7afa5b51b3,0,0.4046565452769179,2.2
6e473eff459e809f,1,0.6170792259220721,3.18
fff8a057a40c4a60,1,0.6455327449143428,3.3
4280ac3eab57aa5d,1,0.7049107102056404,3.58
ee61197edb882599,1,0.6345781953707901,2.9
09659d1639a1f978,1,0.5443476773771481,2.73
29fc016c459aeb14,1,0.6518290038977962,3.0
3301af038a720587,1,0.5791648665521392,2.62
18b4545a5ed15581,1,0.7082702000445409,3.05
f3a0b8c835129558,1,0.7064872305758008,2.92
dfb0849016bc122c,1,0.6397467379568935,2.87
5bc1fbccfbf2355c,1,0.6922256554764256,3.31
a7eef9d6795422c1,0,0.4460546396028743,2.7
e25164e5b3fe208b,1,0.6037496063023484,2.55
2ac720f76384c57e,1,0.5941293745006753,2.71
3a9a7c5895e82646,1,0.602083326570982,2.79
9ed7090d8fa690b0,0,0.45518177678737926,2.37
c068c013d6921fea,1,0.767536956987785,2.91
229cd6564bf0dce4,1,0.6227406663680684,2.88
132adf7335bb384a,0,0.4872780407971478,2.39
35e44170702139a4,0,0.495727419646457,2.68
4f64568dfefa3ce7,1,0.603936871760342,2.77
9efb397067eb7e8a,1,0.5346725863324235,2.73
3cdca3b4a93980f5,1,0.6606603928165735,3.25
849db7ab7f4a640c,0,0.4341960242506477,2.25
bcbcbcf0f6ed196f,1,0.6663717166592931,3.13
326825e02a198cf6,1,0.6038747764362453,2.78
8932e5c12f12ffed,1,0.5403805066775823,2.73
7ea31f38675b91c1,0,0.4812210322690842,2.63
9ff997ab15713e53,1,0.5809756700672235,2.77
a1985630339f4b3d,0,0.46645599007102556,2.76
b6f1cfadc4dd79d4,1,0.5957417620041876,2.95
39592d9d72e717c4,1,0.5556051063694655,2.8
63e20a0f98218a87,1,0.7877243165009419,3.31
fd78f89878479f56,0,0.4373754598376476,2.57
35a60467893aa168,1,0.6316501902869942,3.01
4f19709e47883df5,0,0.4462496266774281,2.44
1053fb7ee17a1f33,0,0.48974359580690385,2.57
d510567580c8be52,1,0.6869478162768717,3.12
71a6471bbdac21d9,1,0.7073529043745624,3.13
6e712ea24e77bd96,1,0.7899734064369874,3.04
06f6a57a6d532844,1,0.7844378481572004,3.71
8d390a1fc3133d06,1,0.6429943065801261,3.17
f28f7299d38c0932,1,0.5352157254078795,2.72
3455b45888fb5053,1,0.6592640734075129,2.99
6fe02600f322a0a9,1,0.5811184335924756,2.91
6717a70913b3db79,0,0.47227247023618735,2.34
eb0fe24bbc845ecc,1,0.6973808903564653,3.03
72e6fbf4f6382557,1,0.6236261115982094,3.08
a492f49a3e2b6a71,1,0.5607268708012327,2.99
e564c3f1a93ccf2e,1,0.6044733669604198,2.79
6390772a3094939d,1,0.6033229777933095,2.53
2e69730561ed70ad,0,0.473092535252344,2.8
df56868afd166557,1,0.6397081151339773,2.92
0072b94dfa30608e,1,0.6498258961746898,3.13
a812f6969ddf3e39,1,0.6185570860833554,3.0
1774749f2cee292f,1,0.6757219965044571,2.86
a96404cb928895f3,1,0.538739764771783,2.67
230ac636ea0ea415,1,0.662742414267507,3.19
a2b4b685dfa94733,1,0.5173758913833634,2.6
abc0b15f2c907ff0,1,0.6715070215358273,3.01
95cdfd514098c38b,1,0.568030192052885,2.71
099fae4a0705d63b,1,0.7283218058079626,4.12
08672cd59171d5e4,1,0.5428157789223306,3.05
cd2a2a70dd5d176d,1,0.542491463034981,2.81
bfd5e1701c862ac3,1,0.6906894740874264,2.97
19fec36a1dfb4c16,1,0.6426360591766682,3.09
f684a82adc49f011,1,0.6305141712629483,3.03
228ba5e7577e1d49,1,0.6714490186906484,3.56
